label,lane_miles_added,traffic_decline_pct,crashes_per_10k_before,crashes_per_10k_after,crash_rate_change_pct
Pittsburgh,22.8,10.2,25.6,25.6,0.0
Boston,22.2,9.4,10.5,11.1,5.7
Albuquerque,18.9,9.2,12.8,12.0,-6.3
Minneapolis,23.9,9.0,22.8,23.3,2.2
Columbus,21.3,7.6,20.8,19.7,-5.3
Oklahoma City,17.2,6.3,25.8,25.7,-0.4
Austin,9.8,6.3,10.0,10.4,4.0
Nashville,12.2,5.7,19.9,18.9,-5.0
Portland,12.2,5.7,15.0,14.7,-2.0
Milwaukee,13.0,4.5,15.5,16.2,4.5
Denver,15.0,4.5,19.6,20.8,6.1
Tucson,10.2,3.2,13.0,12.8,-1.5
Fresno,7.7,2.9,14.9,15.1,1.3
Seattle,3.2,2.9,22.6,21.4,-5.3
Sacramento,5.4,2.5,16.1,16.3,1.2
Raleigh,5.8,2.1,25.0,26.1,4.4
Omaha,2.2,1.6,16.2,16.0,-1.2
Louisville,2.7,1.5,14.8,14.7,-0.7
