label,lane_miles_added,car_trips_daily_before,car_trips_daily_after,crashes_before,crashes_after
Minneapolis,23.9,161500,146900,368,342
Pittsburgh,22.8,66500,59700,170,153
Boston,22.2,207000,187600,218,209
Columbus,21.3,180500,166800,376,329
Albuquerque,18.9,64000,58100,82,70
Oklahoma City,17.2,161000,150800,415,387
Denver,15.0,180500,172400,354,358
Milwaukee,13.0,166000,158500,257,256
Portland,12.2,206000,194300,308,286
Nashville,12.2,136000,128200,271,242
Tucson,10.2,117000,113300,152,145
Austin,9.8,124500,116600,125,121
Fresno,7.7,148500,144200,221,218
Raleigh,5.8,207500,203100,519,530
Sacramento,5.4,59000,57500,95,94
Seattle,3.2,124000,120400,280,258
Louisville,2.7,155500,153200,230,225
Omaha,2.2,44500,43800,72,70
